[
  {
    "model": "bookings.service",
    "pk": 1,
    "fields": {
      "name": "Acupressure Therapy",
      "description": "Traditional acupressure treatment using finger pressure on specific points to promote natural healing and wellness.",
      "duration_minutes": 45,
      "price": "200.00",
      "is_active": true,
      "requires_prescription": false,
      "created_at": "2025-10-08T22:42:30.762Z",
      "updated_at": "2025-10-08T23:21:55.403Z"
    }
  },
  {
    "model": "bookings.service",
    "pk": 2,
    "fields": {
      "name": "Magnet Therapy",
      "description": "Therapeutic use of magnetic fields to stimulate healing and reduce pain and inflammation.",
      "duration_minutes": 30,
      "price": "200.00",
      "is_active": true,
      "requires_prescription": false,
      "created_at": "2025-10-08T22:42:30.782Z",
      "updated_at": "2025-10-08T23:21:55.459Z"
    }
  },
  {
    "model": "bookings.service",
    "pk": 3,
    "fields": {
      "name": "Massage Therapy",
      "description": "Professional therapeutic massage to relieve muscle tension, improve circulation, and promote relaxation.",
      "duration_minutes": 60,
      "price": "200.00",
      "is_active": true,
      "requires_prescription": false,
      "created_at": "2025-10-08T22:42:30.798Z",
      "updated_at": "2025-10-08T23:21:55.470Z"
    }
  },
  {
    "model": "bookings.service",
    "pk": 4,
    "fields": {
      "name": "Cupping Therapy",
      "description": "Traditional cupping technique using suction cups to improve blood circulation and reduce muscle tension.",
      "duration_minutes": 40,
      "price": "200.00",
      "is_active": true,
      "requires_prescription": false,
      "created_at": "2025-10-08T22:42:30.813Z",
      "updated_at": "2025-10-08T23:21:55.428Z"
    }
  },
  {
    "model": "bookings.service",
    "pk": 5,
    "fields": {
      "name": "Physiotherapy Session",
      "description": "Comprehensive physiotherapy assessment and treatment for musculoskeletal conditions and rehabilitation.",
      "duration_minutes": 50,
      "price": "200.00",
      "is_active": true,
      "requires_prescription": true,
      "created_at": "2025-10-08T22:42:30.837Z",
      "updated_at": "2025-10-08T23:21:55.501Z"
    }
  },
  {
    "model": "bookings.service",
    "pk": 6,
    "fields": {
      "name": "Biochemic Consultation",
      "description": "Personalized biochemic salt therapy consultation based on individual health assessment and requirements.",
      "duration_minutes": 30,
      "price": "200.00",
      "is_active": true,
      "requires_prescription": false,
      "created_at": "2025-10-08T22:42:30.855Z",
      "updated_at": "2025-10-08T23:21:55.417Z"
    }
  },
  {
    "model": "bookings.service",
    "pk": 7,
    "fields": {
      "name": "Health Wellness Consultation",
      "description": "Comprehensive health assessment and personalized wellness plan including lifestyle and dietary recommendations.",
      "duration_minutes": 45,
      "price": "200.00",
      "is_active": true,
      "requires_prescription": false,
      "created_at": "2025-10-08T22:42:30.870Z",
      "updated_at": "2025-10-08T23:21:55.448Z"
    }
  },
  {
    "model": "bookings.service",
    "pk": 8,
    "fields": {
      "name": "Pain Management Session",
      "description": "Specialized treatment combining multiple therapies for chronic pain management and relief.",
      "duration_minutes": 60,
      "price": "200.00",
      "is_active": true,
      "requires_prescription": true,
      "created_at": "2025-10-08T22:42:30.885Z",
      "updated_at": "2025-10-08T23:21:55.482Z"
    }
  },
  {
    "model": "bookings.booking",
    "pk": 1,
    "fields": {
      "booking_id": "eb98f818-d600-4c5f-98bd-75cc81c72c4d",
      "patient": 6,
      "service": 1,
      "appointment_date": null,
      "appointment_time": null,
      "duration_minutes": 30,
      "patient_name": "strdytfuy",
      "patient_age": 55,
      "patient_gender": null,
      "patient_phone": "8888888888",
      "patient_email": "trdtf@jkg.com",
      "patient_whatsapp": null,
      "symptoms": "hvjhbjn",
      "present_complaints": null,
      "medical_history": null,
      "status": "pending",
      "payment_status": "cash",
      "payment_amount": "200.00",
      "payment_id": null,
      "admin_notes": null,
      "created_at": "2025-10-09T13:48:35.553Z",
      "updated_at": "2025-10-09T13:48:35.553Z",
      "confirmed_at": null,
      "completed_at": null
    }
  },
  {
    "model": "bookings.booking",
    "pk": 2,
    "fields": {
      "booking_id": "25556a40-729b-4e78-9f7d-05b3d8d5788b",
      "patient": 6,
      "service": 1,
      "appointment_date": null,
      "appointment_time": null,
      "duration_minutes": 30,
      "patient_name": "dadas",
      "patient_age": 22,
      "patient_gender": null,
      "patient_phone": "1232123456",
      "patient_email": "pritam@m.com",
      "patient_whatsapp": null,
      "symptoms": "dsa",
      "present_complaints": null,
      "medical_history": null,
      "status": "pending",
      "payment_status": "cash",
      "payment_amount": "200.00",
      "payment_id": null,
      "admin_notes": null,
      "created_at": "2025-10-09T22:24:46.546Z",
      "updated_at": "2025-10-09T22:24:46.546Z",
      "confirmed_at": null,
      "completed_at": null
    }
  },
  {
    "model": "bookings.booking",
    "pk": 3,
    "fields": {
      "booking_id": "f82ab455-2850-477b-8d2c-914e4ef28105",
      "patient": null,
      "service": 1,
      "appointment_date": null,
      "appointment_time": null,
      "duration_minutes": 30,
      "patient_name": "pritam",
      "patient_age": 30,
      "patient_gender": null,
      "patient_phone": "9998786756",
      "patient_email": "pmihub@gmail.com",
      "patient_whatsapp": null,
      "symptoms": "ajbxjasdbas",
      "present_complaints": null,
      "medical_history": null,
      "status": "pending",
      "payment_status": "cash",
      "payment_amount": "200.00",
      "payment_id": null,
      "admin_notes": null,
      "created_at": "2025-10-09T22:49:53.487Z",
      "updated_at": "2025-10-09T22:49:53.487Z",
      "confirmed_at": null,
      "completed_at": null
    }
  },
  {
    "model": "bookings.booking",
    "pk": 4,
    "fields": {
      "booking_id": "fb16dbfb-8fe7-410b-b31b-e4626850f381",
      "patient": null,
      "service": 2,
      "appointment_date": null,
      "appointment_time": null,
      "duration_minutes": 30,
      "patient_name": "pm",
      "patient_age": 78,
      "patient_gender": null,
      "patient_phone": "4444444444",
      "patient_email": "hahaha@gmail.com",
      "patient_whatsapp": null,
      "symptoms": "hkasdksad",
      "present_complaints": null,
      "medical_history": null,
      "status": "pending",
      "payment_status": "cash",
      "payment_amount": "200.00",
      "payment_id": null,
      "admin_notes": null,
      "created_at": "2025-10-09T22:53:42.275Z",
      "updated_at": "2025-10-09T22:53:42.275Z",
      "confirmed_at": null,
      "completed_at": null
    }
  },
  {
    "model": "bookings.booking",
    "pk": 5,
    "fields": {
      "booking_id": "25e102b9-e477-46ae-b75a-d03ec147ac3e",
      "patient": null,
      "service": 1,
      "appointment_date": null,
      "appointment_time": null,
      "duration_minutes": 30,
      "patient_name": "qAS",
      "patient_age": 2,
      "patient_gender": null,
      "patient_phone": "1234567890",
      "patient_email": null,
      "patient_whatsapp": null,
      "symptoms": "AF",
      "present_complaints": null,
      "medical_history": null,
      "status": "pending",
      "payment_status": "cash",
      "payment_amount": "200.00",
      "payment_id": null,
      "admin_notes": null,
      "created_at": "2025-10-09T22:56:47.635Z",
      "updated_at": "2025-10-09T22:56:47.635Z",
      "confirmed_at": null,
      "completed_at": null
    }
  }
]