[
{
  "model": "contact.clinicinfo",
  "pk": 1,
  "fields": {
    "name": "Pratap Bag Healthcare Clinic",
    "address": "Medical Complex, Health Street, Downtown",
    "city": "Wellness City",
    "state": "Healthcare State",
    "pincode": "123456",
    "country": "India",
    "phone_primary": "+91-9876543210",
    "phone_secondary": null,
    "email_primary": "info@pratapbag.com",
    "email_secondary": null,
    "whatsapp_number": "+91-9876543210",
    "latitude": null,
    "longitude": null,
    "google_maps_embed_url": null,
    "monday_hours": "9:00 AM - 6:00 PM",
    "tuesday_hours": "9:00 AM - 6:00 PM",
    "wednesday_hours": "9:00 AM - 6:00 PM",
    "thursday_hours": "9:00 AM - 6:00 PM",
    "friday_hours": "9:00 AM - 6:00 PM",
    "saturday_hours": "9:00 AM - 6:00 PM",
    "sunday_hours": "Closed",
    "emergency_contact": "+91-9876543210",
    "is_active": true,
    "created_at": "2025-10-08T22:42:32.505Z",
    "updated_at": "2025-10-08T22:42:32.505Z"
  }
}
]
