[
{
  "model": "site_settings.sitesettings",
  "pk": 1,
  "fields": {
    "site_name": "Pratap Bag Healthcare",
    "site_tagline": "Holistic Health & Physiotherapy Services",
    "site_description": "Professional healthcare services including physiotherapy, acupressure, massage therapy, and alternative medicine by certified practitioner Pratap Bag.",
    "site_logo": "",
    "site_favicon": "",
    "meta_title": "",
    "meta_description": "",
    "meta_keywords": "",
    "contact_phone": "+91-9876543210",
    "contact_email": "info@pratapbag.com",
    "contact_address": "Healthcare Clinic, Medical Street, City - 123456",
    "facebook_url": null,
    "twitter_url": null,
    "instagram_url": null,
    "linkedin_url": null,
    "youtube_url": null,
    "consultation_fee": "200.00",
    "is_booking_enabled": true,
    "is_payment_enabled": true,
    "booking_advance_days": 30,
    "booking_cancel_hours": 24,
    "admin_email": "admin@pratapbag.com",
    "send_booking_notifications": true,
    "send_reminder_notifications": true,
    "maintenance_mode": false,
    "maintenance_message": "Site is under maintenance. Please check back later.",
    "google_analytics_id": "",
    "google_tag_manager_id": "",
    "facebook_pixel_id": "",
    "pwa_app_name": "Pratap Bag Healthcare",
    "pwa_short_name": "PB Healthcare",
    "pwa_theme_color": "#10B981",
    "pwa_background_color": "#ffffff",
    "created_at": "2025-10-08T22:42:30.676Z",
    "updated_at": "2025-10-08T22:42:30.676Z"
  }
},
{
  "model": "site_settings.practitionerprofile",
  "pk": 1,
  "fields": {
    "name": "Pratap Bag",
    "qualifications": "M. D. (Acu.), M. B. S., DMT, DPT, D. Mass. T., D. Cup. T, FWT, PET.",
    "registration_number": "S/53515/201",
    "specializations": "Acupressure, Magnet Therapy, Massage, Cupping, Physiotherapy, Biochemic Consultancy",
    "profile_image": "",
    "bio": "Mr. Pratap Bag is a highly qualified and experienced healthcare practitioner specializing in physiotherapy and alternative medicine. With extensive training in multiple healing modalities, he provides comprehensive healthcare services focusing on natural healing and holistic wellness.",
    "experience_years": 15,
    "achievements": null,
    "education": "Master of Doctor in Acupuncture, Master of Bachelor Science, Diploma in Massage Therapy, Diploma in Physiotherapy, and various other certifications in alternative medicine.",
    "previous_experience": "Former trainer at S.B. Yoga Medical College, Ex-IBMer, Author of \"Acupressure Tips\"",
    "publications": null,
    "philosophy": "Believes in holistic healing approach combining traditional and modern therapeutic techniques for optimal patient care.",
    "is_active": true,
    "created_at": "2025-10-08T22:42:30.689Z",
    "updated_at": "2025-10-08T22:42:30.689Z"
  }
},
{
  "model": "site_settings.testimonial",
  "pk": 1,
  "fields": {
    "patient_name": "Rajesh Kumar",
    "patient_location": "Mumbai",
    "treatment_for": "Back pain and physiotherapy",
    "testimonial": "Mr. Pratap Bag's treatment was excellent. His acupressure therapy completely relieved my chronic back pain. Highly recommended for anyone looking for natural healing.",
    "rating": 5,
    "patient_image": "",
    "is_featured": true,
    "is_approved": true,
    "created_at": "2025-10-08T22:42:32.522Z",
    "updated_at": "2025-10-08T22:42:32.522Z"
  }
},
{
  "model": "site_settings.testimonial",
  "pk": 2,
  "fields": {
    "patient_name": "Priya Sharma",
    "patient_location": "Delhi",
    "treatment_for": "Stress and anxiety management",
    "testimonial": "The holistic approach and personalized care I received was amazing. The massage therapy sessions helped me manage stress better than any medication.",
    "rating": 5,
    "patient_image": "",
    "is_featured": true,
    "is_approved": true,
    "created_at": "2025-10-08T22:42:32.541Z",
    "updated_at": "2025-10-08T22:42:32.541Z"
  }
},
{
  "model": "site_settings.testimonial",
  "pk": 3,
  "fields": {
    "patient_name": "Amit Patel",
    "patient_location": "Pune",
    "treatment_for": "Sports injury rehabilitation",
    "testimonial": "As an athlete, I needed specialized care for my injury. The physiotherapy sessions were professional and effective. I recovered faster than expected.",
    "rating": 4,
    "patient_image": "",
    "is_featured": true,
    "is_approved": true,
    "created_at": "2025-10-08T22:42:32.557Z",
    "updated_at": "2025-10-08T22:42:32.557Z"
  }
},
{
  "model": "site_settings.paymentsettings",
  "pk": 1,
  "fields": {
    "gateway": "razorpay",
    "is_enabled": true,
    "is_test_mode": true,
    "razorpay_key_id": "rzp_test_RROBHgb9IrH1w4",
    "razorpay_key_secret": "hku9Rsre2pbbSeRuP1ALwf4K",
    "currency": "INR",
    "minimum_amount": "100.00",
    "convenience_fee_percent": "0.00",
    "convenience_fee_fixed": "0.00",
    "enable_netbanking": true,
    "enable_cards": true,
    "enable_wallets": true,
    "enable_upi": true,
    "enable_emi": false,
    "webhook_url": "",
    "success_url": "",
    "failure_url": "",
    "business_name": "Pratap Bag Healthcare",
    "business_logo": "",
    "terms_url": "",
    "privacy_url": "",
    "created_at": "2025-10-09T13:28:21.607Z",
    "updated_at": "2025-10-09T13:28:21.607Z"
  }
}
]
